File,Result,Cpu,Mem
/home/hamza/Desktop/ebpf-project/ebpf-verifier/ebpf-samples/bpf_cilium_test/bpf_lb-DLB_L3.o:2/2,1,0.011217,5332
/home/hamza/Desktop/ebpf-project/ebpf-verifier/ebpf-samples/bpf_cilium_test/bpf_lb-DLB_L3.o:2/1,1,0.008355,5176
/home/hamza/Desktop/ebpf-project/ebpf-verifier/ebpf-samples/bpf_cilium_test/bpf_lb-DLB_L3.o:from-netdev,1,0.251625,20232
/home/hamza/Desktop/ebpf-project/ebpf-verifier/ebpf-samples/bpf_cilium_test/bpf_lb-DLB_L4.o:2/2,1,0.010541,5376
/home/hamza/Desktop/ebpf-project/ebpf-verifier/ebpf-samples/bpf_cilium_test/bpf_lb-DLB_L4.o:2/1,1,0.008189,5016
/home/hamza/Desktop/ebpf-project/ebpf-verifier/ebpf-samples/bpf_cilium_test/bpf_lb-DLB_L4.o:from-netdev,1,0.377685,28572
/home/hamza/Desktop/ebpf-project/ebpf-verifier/ebpf-samples/bpf_cilium_test/bpf_lb-DUNKNOWN.o:2/2,1,0.009904,5276
/home/hamza/Desktop/ebpf-project/ebpf-verifier/ebpf-samples/bpf_cilium_test/bpf_lb-DUNKNOWN.o:2/1,1,0.007742,5260
/home/hamza/Desktop/ebpf-project/ebpf-verifier/ebpf-samples/bpf_cilium_test/bpf_lb-DUNKNOWN.o:from-netdev,1,0.054829,10388
/home/hamza/Desktop/ebpf-project/ebpf-verifier/ebpf-samples/bpf_cilium_test/bpf_lxc-DDROP_ALL.o:2/2,1,0.015115,5332
/home/hamza/Desktop/ebpf-project/ebpf-verifier/ebpf-samples/bpf_cilium_test/bpf_lxc-DDROP_ALL.o:2/1,1,0.007887,5296
/home/hamza/Desktop/ebpf-project/ebpf-verifier/ebpf-samples/bpf_cilium_test/bpf_lxc-DDROP_ALL.o:2/3,1,0.044629,8548
/home/hamza/Desktop/ebpf-project/ebpf-verifier/ebpf-samples/bpf_cilium_test/bpf_lxc-DDROP_ALL.o:2/5,1,1.25377,16260
/home/hamza/Desktop/ebpf-project/ebpf-verifier/ebpf-samples/bpf_cilium_test/bpf_lxc-DDROP_ALL.o:2/4,1,0.082513,11012
/home/hamza/Desktop/ebpf-project/ebpf-verifier/ebpf-samples/bpf_cilium_test/bpf_lxc-DDROP_ALL.o:2/7,1,3.13855,84912
/home/hamza/Desktop/ebpf-project/ebpf-verifier/ebpf-samples/bpf_cilium_test/bpf_lxc-DDROP_ALL.o:2/6,1,0.030433,7436
/home/hamza/Desktop/ebpf-project/ebpf-verifier/ebpf-samples/bpf_cilium_test/bpf_lxc-DDROP_ALL.o:from-container,1,0.007252,5328
/home/hamza/Desktop/ebpf-project/ebpf-verifier/ebpf-samples/bpf_cilium_test/bpf_lxc-DDROP_ALL.o:1/0x1010,1,4.27619,60588
/home/hamza/Desktop/ebpf-project/ebpf-verifier/ebpf-samples/bpf_cilium_test/bpf_lxc-DUNKNOWN.o:2/2,1,0.010155,5216
/home/hamza/Desktop/ebpf-project/ebpf-verifier/ebpf-samples/bpf_cilium_test/bpf_lxc-DUNKNOWN.o:2/1,1,0.007954,5220
/home/hamza/Desktop/ebpf-project/ebpf-verifier/ebpf-samples/bpf_cilium_test/bpf_lxc-DUNKNOWN.o:2/3,1,0.045374,8380
/home/hamza/Desktop/ebpf-project/ebpf-verifier/ebpf-samples/bpf_cilium_test/bpf_lxc-DUNKNOWN.o:2/5,1,1.4432,16060
/home/hamza/Desktop/ebpf-project/ebpf-verifier/ebpf-samples/bpf_cilium_test/bpf_lxc-DUNKNOWN.o:2/4,1,0.08264,11112
/home/hamza/Desktop/ebpf-project/ebpf-verifier/ebpf-samples/bpf_cilium_test/bpf_lxc-DUNKNOWN.o:2/7,1,3.15902,84728
/home/hamza/Desktop/ebpf-project/ebpf-verifier/ebpf-samples/bpf_cilium_test/bpf_lxc-DUNKNOWN.o:2/6,1,0.030324,7632
/home/hamza/Desktop/ebpf-project/ebpf-verifier/ebpf-samples/bpf_cilium_test/bpf_lxc-DUNKNOWN.o:from-container,unmarshaling error at 58: bad instruction op 0x30,,
/home/hamza/Desktop/ebpf-project/ebpf-verifier/ebpf-samples/bpf_cilium_test/bpf_lxc-DUNKNOWN.o:1/0x1010,1,3.89625,60792
/home/hamza/Desktop/ebpf-project/ebpf-verifier/ebpf-samples/bpf_cilium_test/bpf_lxc_jit.o:2/1,1,0.011515,5284
/home/hamza/Desktop/ebpf-project/ebpf-verifier/ebpf-samples/bpf_cilium_test/bpf_lxc_jit.o:2/3,1,0.075245,9792
/home/hamza/Desktop/ebpf-project/ebpf-verifier/ebpf-samples/bpf_cilium_test/bpf_lxc_jit.o:2/5,1,0.215446,12644
/home/hamza/Desktop/ebpf-project/ebpf-verifier/ebpf-samples/bpf_cilium_test/bpf_lxc_jit.o:2/4,1,0.127163,11968
/home/hamza/Desktop/ebpf-project/ebpf-verifier/ebpf-samples/bpf_cilium_test/bpf_lxc_jit.o:2/10,unmarshaling error at 21: bad instruction op 0x30,,
/home/hamza/Desktop/ebpf-project/ebpf-verifier/ebpf-samples/bpf_cilium_test/bpf_lxc_jit.o:2/7,1,13.9844,116156
/home/hamza/Desktop/ebpf-project/ebpf-verifier/ebpf-samples/bpf_cilium_test/bpf_lxc_jit.o:2/6,1,0.032392,7336
/home/hamza/Desktop/ebpf-project/ebpf-verifier/ebpf-samples/bpf_cilium_test/bpf_lxc_jit.o:from-container,1,0.010555,5452
/home/hamza/Desktop/ebpf-project/ebpf-verifier/ebpf-samples/bpf_cilium_test/bpf_lxc_jit.o:1/0xdc06,1,10.1034,63012
/home/hamza/Desktop/ebpf-project/ebpf-verifier/ebpf-samples/bpf_cilium_test/bpf_netdev.o:2/2,1,0.009308,5332
/home/hamza/Desktop/ebpf-project/ebpf-verifier/ebpf-samples/bpf_cilium_test/bpf_netdev.o:2/1,1,0.007647,5212
/home/hamza/Desktop/ebpf-project/ebpf-verifier/ebpf-samples/bpf_cilium_test/bpf_netdev.o:2/3,1,0.049459,9300
/home/hamza/Desktop/ebpf-project/ebpf-verifier/ebpf-samples/bpf_cilium_test/bpf_netdev.o:2/5,1,1.38529,16776
/home/hamza/Desktop/ebpf-project/ebpf-verifier/ebpf-samples/bpf_cilium_test/bpf_netdev.o:2/4,1,0.110306,12684
/home/hamza/Desktop/ebpf-project/ebpf-verifier/ebpf-samples/bpf_cilium_test/bpf_netdev.o:2/7,1,1.11747,37820
/home/hamza/Desktop/ebpf-project/ebpf-verifier/ebpf-samples/bpf_cilium_test/bpf_netdev.o:from-netdev,unmarshaling error at 663: bad instruction op 0x30,,
/home/hamza/Desktop/ebpf-project/ebpf-verifier/ebpf-samples/bpf_cilium_test/bpf_netdev.o:3/2,1,0.006465,5348
/home/hamza/Desktop/ebpf-project/ebpf-verifier/ebpf-samples/bpf_cilium_test/bpf_overlay.o:2/2,1,0.009345,5244
/home/hamza/Desktop/ebpf-project/ebpf-verifier/ebpf-samples/bpf_cilium_test/bpf_overlay.o:2/1,1,0.007515,5120
/home/hamza/Desktop/ebpf-project/ebpf-verifier/ebpf-samples/bpf_cilium_test/bpf_overlay.o:2/3,1,0.052794,9180
/home/hamza/Desktop/ebpf-project/ebpf-verifier/ebpf-samples/bpf_cilium_test/bpf_overlay.o:2/5,1,1.33738,17052
/home/hamza/Desktop/ebpf-project/ebpf-verifier/ebpf-samples/bpf_cilium_test/bpf_overlay.o:2/4,1,0.110706,12436
/home/hamza/Desktop/ebpf-project/ebpf-verifier/ebpf-samples/bpf_cilium_test/bpf_overlay.o:2/7,1,0.650595,31988
/home/hamza/Desktop/ebpf-project/ebpf-verifier/ebpf-samples/bpf_cilium_test/bpf_overlay.o:from-overlay,unmarshaling error at 239: bad instruction op 0x30,,
/home/hamza/Desktop/ebpf-project/ebpf-verifier/ebpf-samples/bpf_cilium_test/bpf_overlay.o:3/2,1,0.006196,5336
/home/hamza/Desktop/ebpf-project/ebpf-verifier/ebpf-samples/build/badhelpercall.o:.text,0,0.00058,4408
/home/hamza/Desktop/ebpf-project/ebpf-verifier/ebpf-samples/build/badmapptr.o:test,0,0.000844,4440
/home/hamza/Desktop/ebpf-project/ebpf-verifier/ebpf-samples/build/byteswap.o:.text,1,0.003497,5164
/home/hamza/Desktop/ebpf-project/ebpf-verifier/ebpf-samples/build/ctxoffset.o:sockops,0,0.001608,5224
/home/hamza/Desktop/ebpf-project/ebpf-verifier/ebpf-samples/build/exposeptr2.o:.text,0,0.002006,4408
/home/hamza/Desktop/ebpf-project/ebpf-verifier/ebpf-samples/build/exposeptr.o:.text,0,0.002352,4156
/home/hamza/Desktop/ebpf-project/ebpf-verifier/ebpf-samples/build/loop.o:test_md,0,0.020983,5588
/home/hamza/Desktop/ebpf-project/ebpf-verifier/ebpf-samples/build/map_in_map_anonymous.o:.text,1,0.003582,5212
/home/hamza/Desktop/ebpf-project/ebpf-verifier/ebpf-samples/build/map_in_map_legacy.o:.text,1,0.003485,5172
/home/hamza/Desktop/ebpf-project/ebpf-verifier/ebpf-samples/build/map_in_map.o:.text,1,0.004118,5336
/home/hamza/Desktop/ebpf-project/ebpf-verifier/ebpf-samples/build/map_in_map_typedef.o:.text,1,0.006697,5452
/home/hamza/Desktop/ebpf-project/ebpf-verifier/ebpf-samples/build/mapoverflow.o:.text,1,0.001936,4464
/home/hamza/Desktop/ebpf-project/ebpf-verifier/ebpf-samples/build/mapunderflow.o:.text,1,0.00201,4400
/home/hamza/Desktop/ebpf-project/ebpf-verifier/ebpf-samples/build/mapvalue-overrun.o:.text,0,0.00198,4480
/home/hamza/Desktop/ebpf-project/ebpf-verifier/ebpf-samples/build/nullmapref.o:test,0,0.001822,5080
/home/hamza/Desktop/ebpf-project/ebpf-verifier/ebpf-samples/build/packet_access.o:xdp,1,0.00408,5372
/home/hamza/Desktop/ebpf-project/ebpf-verifier/ebpf-samples/build/packet_overflow.o:xdp,0,0.000973,4300
/home/hamza/Desktop/ebpf-project/ebpf-verifier/ebpf-samples/build/packet_reallocate.o:socket_filter,0,0.001619,4344
/home/hamza/Desktop/ebpf-project/ebpf-verifier/ebpf-samples/build/packet_start_ok.o:xdp,1,0.001117,5172
/home/hamza/Desktop/ebpf-project/ebpf-verifier/ebpf-samples/build/prog_array.o:.text,1,0.000282,4452
/home/hamza/Desktop/ebpf-project/ebpf-verifier/ebpf-samples/build/ringbuf_uninit.o:.text,0,0.000751,4448
/home/hamza/Desktop/ebpf-project/ebpf-verifier/ebpf-samples/build/stackok.o:.text,1,0.107454,5696
/home/hamza/Desktop/ebpf-project/ebpf-verifier/ebpf-samples/build/tail_call_bad.o:xdp_prog,0,0.000349,4580
/home/hamza/Desktop/ebpf-project/ebpf-verifier/ebpf-samples/build/tail_call_bad.o:xdp_prog/0,1,0.000156,4252
/home/hamza/Desktop/ebpf-project/ebpf-verifier/ebpf-samples/build/tail_call.o:xdp_prog,1,0.000385,4332
/home/hamza/Desktop/ebpf-project/ebpf-verifier/ebpf-samples/build/tail_call.o:xdp_prog/0,1,0.000188,4400
/home/hamza/Desktop/ebpf-project/ebpf-verifier/ebpf-samples/build/twomaps_btf.o:.text,1,0.003989,5360
/home/hamza/Desktop/ebpf-project/ebpf-verifier/ebpf-samples/build/twomaps.o:.text,1,0.00369,5252
/home/hamza/Desktop/ebpf-project/ebpf-verifier/ebpf-samples/build/twostackvars.o:.text,1,0.032901,5352
/home/hamza/Desktop/ebpf-project/ebpf-verifier/ebpf-samples/build/twotypes.o:.text,1,0.005191,5536
/home/hamza/Desktop/ebpf-project/ebpf-verifier/ebpf-samples/build/wronghelper.o:xdp,unmarshaling error at 7: invalid helper function id 53,,
/home/hamza/Desktop/ebpf-project/ebpf-verifier/ebpf-samples/cilium/bpf_lb.o:2/1,1,0.014233,5356
/home/hamza/Desktop/ebpf-project/ebpf-verifier/ebpf-samples/cilium/bpf_lb.o:from-netdev,1,0.08576,8984
/home/hamza/Desktop/ebpf-project/ebpf-verifier/ebpf-samples/cilium/bpf_lxc.o:2/1,1,0.014099,4956
/home/hamza/Desktop/ebpf-project/ebpf-verifier/ebpf-samples/cilium/bpf_lxc.o:2/3,1,0.093152,9416
/home/hamza/Desktop/ebpf-project/ebpf-verifier/ebpf-samples/cilium/bpf_lxc.o:2/5,1,1.71233,17308
/home/hamza/Desktop/ebpf-project/ebpf-verifier/ebpf-samples/cilium/bpf_lxc.o:2/4,1,0.135655,12124
/home/hamza/Desktop/ebpf-project/ebpf-verifier/ebpf-samples/cilium/bpf_lxc.o:2/10,unmarshaling error at 22: bad instruction op 0x30,,
/home/hamza/Desktop/ebpf-project/ebpf-verifier/ebpf-samples/cilium/bpf_lxc.o:2/7,1,13.6602,139644
/home/hamza/Desktop/ebpf-project/ebpf-verifier/ebpf-samples/cilium/bpf_lxc.o:2/6,1,0.05007,7260
/home/hamza/Desktop/ebpf-project/ebpf-verifier/ebpf-samples/cilium/bpf_lxc.o:from-container,1,0.010979,5512
/home/hamza/Desktop/ebpf-project/ebpf-verifier/ebpf-samples/cilium/bpf_lxc.o:2/12,1,3.1201,45632
/home/hamza/Desktop/ebpf-project/ebpf-verifier/ebpf-samples/cilium/bpf_lxc.o:2/11,1,2.35893,45964
/home/hamza/Desktop/ebpf-project/ebpf-verifier/ebpf-samples/cilium/bpf_lxc.o:1/0x1010,1,0.008853,5296
/home/hamza/Desktop/ebpf-project/ebpf-verifier/ebpf-samples/cilium/bpf_lxc.o:2/8,1,0.1929,14720
/home/hamza/Desktop/ebpf-project/ebpf-verifier/ebpf-samples/cilium/bpf_lxc.o:2/9,1,0.198497,12900
/home/hamza/Desktop/ebpf-project/ebpf-verifier/ebpf-samples/cilium/bpf_netdev.o:2/1,1,0.012655,5104
/home/hamza/Desktop/ebpf-project/ebpf-verifier/ebpf-samples/cilium/bpf_netdev.o:2/3,1,0.078153,9332
/home/hamza/Desktop/ebpf-project/ebpf-verifier/ebpf-samples/cilium/bpf_netdev.o:2/5,1,1.64308,17524
/home/hamza/Desktop/ebpf-project/ebpf-verifier/ebpf-samples/cilium/bpf_netdev.o:2/4,1,0.151169,11892
/home/hamza/Desktop/ebpf-project/ebpf-verifier/ebpf-samples/cilium/bpf_netdev.o:2/7,1,0.762251,14360
/home/hamza/Desktop/ebpf-project/ebpf-verifier/ebpf-samples/cilium/bpf_netdev.o:from-netdev,unmarshaling error at 198: bad instruction op 0x30,,
/home/hamza/Desktop/ebpf-project/ebpf-verifier/ebpf-samples/cilium/bpf_overlay.o:2/1,1,0.012009,5192
/home/hamza/Desktop/ebpf-project/ebpf-verifier/ebpf-samples/cilium/bpf_overlay.o:2/3,1,0.080089,9384
/home/hamza/Desktop/ebpf-project/ebpf-verifier/ebpf-samples/cilium/bpf_overlay.o:2/5,1,1.71041,17292
/home/hamza/Desktop/ebpf-project/ebpf-verifier/ebpf-samples/cilium/bpf_overlay.o:2/4,1,0.133851,11972
/home/hamza/Desktop/ebpf-project/ebpf-verifier/ebpf-samples/cilium/bpf_overlay.o:2/7,1,0.105363,7916
/home/hamza/Desktop/ebpf-project/ebpf-verifier/ebpf-samples/cilium/bpf_overlay.o:from-overlay,unmarshaling error at 193: bad instruction op 0x30,,
/home/hamza/Desktop/ebpf-project/ebpf-verifier/ebpf-samples/cilium/bpf_xdp_dsr_linux.o:2/1,1,0.045237,6652
/home/hamza/Desktop/ebpf-project/ebpf-verifier/ebpf-samples/cilium/bpf_xdp_dsr_linux.o:2/21,0,0.48034,24180
/home/hamza/Desktop/ebpf-project/ebpf-verifier/ebpf-samples/cilium/bpf_xdp_dsr_linux.o:2/16,0,9.19076,208284
/home/hamza/Desktop/ebpf-project/ebpf-verifier/ebpf-samples/cilium/bpf_xdp_dsr_linux.o:2/18,0,0.623473,46064
/home/hamza/Desktop/ebpf-project/ebpf-verifier/ebpf-samples/cilium/bpf_xdp_dsr_linux.o:2/24,0,4.9563,176380
/home/hamza/Desktop/ebpf-project/ebpf-verifier/ebpf-samples/cilium/bpf_xdp_dsr_linux.o:2/20,0,0.923927,26040
/home/hamza/Desktop/ebpf-project/ebpf-verifier/ebpf-samples/cilium/bpf_xdp_dsr_linux.o:2/15,0,14.8225,231148
/home/hamza/Desktop/ebpf-project/ebpf-verifier/ebpf-samples/cilium/bpf_xdp_dsr_linux.o:2/17,0,1.26594,76248
/home/hamza/Desktop/ebpf-project/ebpf-verifier/ebpf-samples/cilium/bpf_xdp_dsr_linux.o:2/19,0,8.22895,170224
/home/hamza/Desktop/ebpf-project/ebpf-verifier/ebpf-samples/cilium/bpf_xdp_dsr_linux.o:2/7,0,4.08059,94504
/home/hamza/Desktop/ebpf-project/ebpf-verifier/ebpf-samples/cilium/bpf_xdp_dsr_linux.o:2/10,0,0.175166,20188
/home/hamza/Desktop/ebpf-project/ebpf-verifier/ebpf-samples/cilium/bpf_xdp_dsr_linux.o:from-netdev,1,0.055149,8060
/home/hamza/Desktop/ebpf-project/ebpf-verifier/ebpf-samples/cilium/bpf_xdp_dsr_linux_v1_1.o:2/1,1,0.042789,6328
/home/hamza/Desktop/ebpf-project/ebpf-verifier/ebpf-samples/cilium/bpf_xdp_dsr_linux_v1_1.o:2/21,0,0.443413,23884
/home/hamza/Desktop/ebpf-project/ebpf-verifier/ebpf-samples/cilium/bpf_xdp_dsr_linux_v1_1.o:2/16,0,13.7135,247596
/home/hamza/Desktop/ebpf-project/ebpf-verifier/ebpf-samples/cilium/bpf_xdp_dsr_linux_v1_1.o:2/18,0,0.829034,57560
/home/hamza/Desktop/ebpf-project/ebpf-verifier/ebpf-samples/cilium/bpf_xdp_dsr_linux_v1_1.o:2/24,0,3.22515,85360
/home/hamza/Desktop/ebpf-project/ebpf-verifier/ebpf-samples/cilium/bpf_xdp_dsr_linux_v1_1.o:2/20,0,0.855451,25780
/home/hamza/Desktop/ebpf-project/ebpf-verifier/ebpf-samples/cilium/bpf_xdp_dsr_linux_v1_1.o:2/15,0,5.72978,107384
/home/hamza/Desktop/ebpf-project/ebpf-verifier/ebpf-samples/cilium/bpf_xdp_dsr_linux_v1_1.o:2/17,0,1.27776,72868
/home/hamza/Desktop/ebpf-project/ebpf-verifier/ebpf-samples/cilium/bpf_xdp_dsr_linux_v1_1.o:2/19,0,7.32228,183772
/home/hamza/Desktop/ebpf-project/ebpf-verifier/ebpf-samples/cilium/bpf_xdp_dsr_linux_v1_1.o:2/7,0,4.20757,100660
/home/hamza/Desktop/ebpf-project/ebpf-verifier/ebpf-samples/cilium/bpf_xdp_dsr_linux_v1_1.o:2/10,0,2.33893,82300
/home/hamza/Desktop/ebpf-project/ebpf-verifier/ebpf-samples/cilium/bpf_xdp_dsr_linux_v1_1.o:from-netdev,1,0.068591,7940
/home/hamza/Desktop/ebpf-project/ebpf-verifier/ebpf-samples/cilium/bpf_xdp_dsr_linux_v1.o:2/1,1,0.058138,6508
/home/hamza/Desktop/ebpf-project/ebpf-verifier/ebpf-samples/cilium/bpf_xdp_dsr_linux_v1.o:2/21,0,0.477823,24148
/home/hamza/Desktop/ebpf-project/ebpf-verifier/ebpf-samples/cilium/bpf_xdp_dsr_linux_v1.o:2/16,0,9.78551,208236
/home/hamza/Desktop/ebpf-project/ebpf-verifier/ebpf-samples/cilium/bpf_xdp_dsr_linux_v1.o:2/18,0,0.681484,46164
/home/hamza/Desktop/ebpf-project/ebpf-verifier/ebpf-samples/cilium/bpf_xdp_dsr_linux_v1.o:2/24,0,5.10399,176448
/home/hamza/Desktop/ebpf-project/ebpf-verifier/ebpf-samples/cilium/bpf_xdp_dsr_linux_v1.o:2/20,0,0.748298,26188
/home/hamza/Desktop/ebpf-project/ebpf-verifier/ebpf-samples/cilium/bpf_xdp_dsr_linux_v1.o:2/15,0,14.512,230976
/home/hamza/Desktop/ebpf-project/ebpf-verifier/ebpf-samples/cilium/bpf_xdp_dsr_linux_v1.o:2/17,0,1.26504,76296
/home/hamza/Desktop/ebpf-project/ebpf-verifier/ebpf-samples/cilium/bpf_xdp_dsr_linux_v1.o:2/19,0,8.61796,170308
/home/hamza/Desktop/ebpf-project/ebpf-verifier/ebpf-samples/cilium/bpf_xdp_dsr_linux_v1.o:2/7,0,4.10145,94636
/home/hamza/Desktop/ebpf-project/ebpf-verifier/ebpf-samples/cilium/bpf_xdp_dsr_linux_v1.o:2/10,0,0.190916,20188
/home/hamza/Desktop/ebpf-project/ebpf-verifier/ebpf-samples/cilium/bpf_xdp_dsr_linux_v1.o:from-netdev,1,0.05155,7928
/home/hamza/Desktop/ebpf-project/ebpf-verifier/ebpf-samples/cilium/bpf_xdp.o:from-netdev,1,0.033904,6008
/home/hamza/Desktop/ebpf-project/ebpf-verifier/ebpf-samples/cilium/bpf_xdp_snat_linux.o:2/1,1,0.048325,6644
/home/hamza/Desktop/ebpf-project/ebpf-verifier/ebpf-samples/cilium/bpf_xdp_snat_linux.o:2/16,0,9.93342,208336
/home/hamza/Desktop/ebpf-project/ebpf-verifier/ebpf-samples/cilium/bpf_xdp_snat_linux.o:2/18,0,0.632096,46044
/home/hamza/Desktop/ebpf-project/ebpf-verifier/ebpf-samples/cilium/bpf_xdp_snat_linux.o:2/24,0,4.76725,176400
/home/hamza/Desktop/ebpf-project/ebpf-verifier/ebpf-samples/cilium/bpf_xdp_snat_linux.o:2/15,0,14.785,231044
/home/hamza/Desktop/ebpf-project/ebpf-verifier/ebpf-samples/cilium/bpf_xdp_snat_linux.o:2/17,0,1.09086,76528
/home/hamza/Desktop/ebpf-project/ebpf-verifier/ebpf-samples/cilium/bpf_xdp_snat_linux.o:2/19,0,8.1402,170280
/home/hamza/Desktop/ebpf-project/ebpf-verifier/ebpf-samples/cilium/bpf_xdp_snat_linux.o:2/7,0,5.19936,122504
/home/hamza/Desktop/ebpf-project/ebpf-verifier/ebpf-samples/cilium/bpf_xdp_snat_linux.o:2/10,0,0.196389,20408
/home/hamza/Desktop/ebpf-project/ebpf-verifier/ebpf-samples/cilium/bpf_xdp_snat_linux.o:from-netdev,1,0.053913,7848
/home/hamza/Desktop/ebpf-project/ebpf-verifier/ebpf-samples/cilium/bpf_xdp_snat_linux_v1.o:2/1,1,0.06262,6668
/home/hamza/Desktop/ebpf-project/ebpf-verifier/ebpf-samples/cilium/bpf_xdp_snat_linux_v1.o:2/16,0,9.15913,208352
/home/hamza/Desktop/ebpf-project/ebpf-verifier/ebpf-samples/cilium/bpf_xdp_snat_linux_v1.o:2/18,0,0.630798,46116
/home/hamza/Desktop/ebpf-project/ebpf-verifier/ebpf-samples/cilium/bpf_xdp_snat_linux_v1.o:2/24,0,4.61641,176388
/home/hamza/Desktop/ebpf-project/ebpf-verifier/ebpf-samples/cilium/bpf_xdp_snat_linux_v1.o:2/15,0,15.2695,230988
/home/hamza/Desktop/ebpf-project/ebpf-verifier/ebpf-samples/cilium/bpf_xdp_snat_linux_v1.o:2/17,0,1.19017,76256
/home/hamza/Desktop/ebpf-project/ebpf-verifier/ebpf-samples/cilium/bpf_xdp_snat_linux_v1.o:2/19,0,8.54338,170440
/home/hamza/Desktop/ebpf-project/ebpf-verifier/ebpf-samples/cilium/bpf_xdp_snat_linux_v1.o:2/7,0,5.0068,122408
/home/hamza/Desktop/ebpf-project/ebpf-verifier/ebpf-samples/cilium/bpf_xdp_snat_linux_v1.o:2/10,0,0.190586,20456
/home/hamza/Desktop/ebpf-project/ebpf-verifier/ebpf-samples/cilium/bpf_xdp_snat_linux_v1.o:from-netdev,1,0.050003,7952
/home/hamza/Desktop/ebpf-project/ebpf-verifier/ebpf-samples/invalid/invalid-lddw.o:.text,unmarshaling error at 1: incomplete lddw,,
/home/hamza/Desktop/ebpf-project/ebpf-verifier/ebpf-samples/linux/cpustat_kern.o:tracepoint/power/cpu_idle,1,0.032375,7940
/home/hamza/Desktop/ebpf-project/ebpf-verifier/ebpf-samples/linux/cpustat_kern.o:tracepoint/power/cpu_frequency,1,0.014639,6480
/home/hamza/Desktop/ebpf-project/ebpf-verifier/ebpf-samples/linux/lathist_kern.o:kprobe/trace_preempt_off,1,0.001723,4456
/home/hamza/Desktop/ebpf-project/ebpf-verifier/ebpf-samples/linux/lathist_kern.o:kprobe/trace_preempt_on,1,0.011733,6332
/home/hamza/Desktop/ebpf-project/ebpf-verifier/ebpf-samples/linux/lwt_len_hist_kern.o:len_hist,1,0.006555,5336
/home/hamza/Desktop/ebpf-project/ebpf-verifier/ebpf-samples/linux/map_perf_test_kern.o:kprobe/sys_getuid,1,0.004207,5072
/home/hamza/Desktop/ebpf-project/ebpf-verifier/ebpf-samples/linux/map_perf_test_kern.o:kprobe/sys_geteuid,1,0.003577,5108
/home/hamza/Desktop/ebpf-project/ebpf-verifier/ebpf-samples/linux/map_perf_test_kern.o:kprobe/sys_getgid,1,0.00344,5136
/home/hamza/Desktop/ebpf-project/ebpf-verifier/ebpf-samples/linux/map_perf_test_kern.o:kprobe/sys_getegid,1,0.003559,5248
/home/hamza/Desktop/ebpf-project/ebpf-verifier/ebpf-samples/linux/map_perf_test_kern.o:kprobe/sys_connect,1,0.112954,7080
/home/hamza/Desktop/ebpf-project/ebpf-verifier/ebpf-samples/linux/map_perf_test_kern.o:kprobe/sys_gettid,1,0.018305,5204
/home/hamza/Desktop/ebpf-project/ebpf-verifier/ebpf-samples/linux/map_perf_test_kern.o:kprobe/sys_getpgid,1,0.035879,5828
/home/hamza/Desktop/ebpf-project/ebpf-verifier/ebpf-samples/linux/map_perf_test_kern.o:kprobe/sys_getppid,1,0.034958,5640
/home/hamza/Desktop/ebpf-project/ebpf-verifier/ebpf-samples/linux/offwaketime_kern.o:kprobe/try_to_wake_up,1,0.003479,5440
/home/hamza/Desktop/ebpf-project/ebpf-verifier/ebpf-samples/linux/offwaketime_kern.o:tracepoint/sched/sched_switch,1,0.024016,5724
/home/hamza/Desktop/ebpf-project/ebpf-verifier/ebpf-samples/linux/sampleip_kern.o:perf_event,1,0.003821,4460
/home/hamza/Desktop/ebpf-project/ebpf-verifier/ebpf-samples/linux/sockex1_kern.o:socket1,unmarshaling error at 1: bad instruction op 0x30,,
/home/hamza/Desktop/ebpf-project/ebpf-verifier/ebpf-samples/linux/sockex2_kern.o:socket2,unmarshaling error at 2: bad instruction op 0x28,,
/home/hamza/Desktop/ebpf-project/ebpf-verifier/ebpf-samples/linux/sockex3_kern.o:socket/3,unmarshaling error at 13: bad instruction op 0x48,,
/home/hamza/Desktop/ebpf-project/ebpf-verifier/ebpf-samples/linux/sockex3_kern.o:socket/4,unmarshaling error at 13: bad instruction op 0x50,,
/home/hamza/Desktop/ebpf-project/ebpf-verifier/ebpf-samples/linux/sockex3_kern.o:socket/1,unmarshaling error at 4: bad instruction op 0x48,,
/home/hamza/Desktop/ebpf-project/ebpf-verifier/ebpf-samples/linux/sockex3_kern.o:socket/2,unmarshaling error at 2: bad instruction op 0x40,,
/home/hamza/Desktop/ebpf-project/ebpf-verifier/ebpf-samples/linux/sockex3_kern.o:socket/0,unmarshaling error at 1: bad instruction op 0x28,,
/home/hamza/Desktop/ebpf-project/ebpf-verifier/ebpf-samples/linux/sock_flags_kern.o:cgroup/sock1,1,0.024533,5600
/home/hamza/Desktop/ebpf-project/ebpf-verifier/ebpf-samples/linux/sock_flags_kern.o:cgroup/sock2,1,0.009429,5388
/home/hamza/Desktop/ebpf-project/ebpf-verifier/ebpf-samples/linux/spintest_kern.o:kprobe/spin_unlock,1,0.002859,4352
/home/hamza/Desktop/ebpf-project/ebpf-verifier/ebpf-samples/linux/spintest_kern.o:kprobe/spin_lock,1,0.002946,4460
/home/hamza/Desktop/ebpf-project/ebpf-verifier/ebpf-samples/linux/spintest_kern.o:kprobe/mutex_spin_on_owner,1,0.003196,5268
/home/hamza/Desktop/ebpf-project/ebpf-verifier/ebpf-samples/linux/spintest_kern.o:kprobe/rwsem_spin_on_owner,1,0.002877,4444
/home/hamza/Desktop/ebpf-project/ebpf-verifier/ebpf-samples/linux/spintest_kern.o:kprobe/spin_unlock_irqrestore,1,0.003868,4368
/home/hamza/Desktop/ebpf-project/ebpf-verifier/ebpf-samples/linux/spintest_kern.o:kprobe/_raw_spin_unlock_irqrestore,1,0.003158,5280
/home/hamza/Desktop/ebpf-project/ebpf-verifier/ebpf-samples/linux/spintest_kern.o:kprobe/_raw_spin_unlock_bh,1,0.003106,4336
/home/hamza/Desktop/ebpf-project/ebpf-verifier/ebpf-samples/linux/spintest_kern.o:kprobe/_raw_spin_unlock,1,0.002907,4180
/home/hamza/Desktop/ebpf-project/ebpf-verifier/ebpf-samples/linux/spintest_kern.o:kprobe/_raw_spin_lock_irqsave,1,0.002915,4444
/home/hamza/Desktop/ebpf-project/ebpf-verifier/ebpf-samples/linux/spintest_kern.o:kprobe/_raw_spin_trylock_bh,1,0.002932,4524
/home/hamza/Desktop/ebpf-project/ebpf-verifier/ebpf-samples/linux/spintest_kern.o:kprobe/_raw_spin_lock_irq,1,0.002859,4452
/home/hamza/Desktop/ebpf-project/ebpf-verifier/ebpf-samples/linux/spintest_kern.o:kprobe/_raw_spin_trylock,1,0.002596,4180
/home/hamza/Desktop/ebpf-project/ebpf-verifier/ebpf-samples/linux/spintest_kern.o:kprobe/_raw_spin_lock,1,0.003549,4368
/home/hamza/Desktop/ebpf-project/ebpf-verifier/ebpf-samples/linux/spintest_kern.o:kprobe/_raw_spin_lock_bh,1,0.002833,4380
/home/hamza/Desktop/ebpf-project/ebpf-verifier/ebpf-samples/linux/spintest_kern.o:kprobe/htab_map_update_elem,1,0.002813,4408
/home/hamza/Desktop/ebpf-project/ebpf-verifier/ebpf-samples/linux/spintest_kern.o:kprobe/__htab_percpu_map_update_elem,1,0.002763,5276
/home/hamza/Desktop/ebpf-project/ebpf-verifier/ebpf-samples/linux/spintest_kern.o:kprobe/htab_map_alloc,1,0.00288,4156
/home/hamza/Desktop/ebpf-project/ebpf-verifier/ebpf-samples/linux/syscall_tp_kern.o:tracepoint/syscalls/sys_enter_open,1,0.003091,5076
/home/hamza/Desktop/ebpf-project/ebpf-verifier/ebpf-samples/linux/syscall_tp_kern.o:tracepoint/syscalls/sys_exit_open,1,0.002957,5084
/home/hamza/Desktop/ebpf-project/ebpf-verifier/ebpf-samples/linux/task_fd_query_kern.o:kprobe/blk_start_request,1,0.000161,4444
/home/hamza/Desktop/ebpf-project/ebpf-verifier/ebpf-samples/linux/task_fd_query_kern.o:kretprobe/blk_account_io_completion,1,0.000151,4424
/home/hamza/Desktop/ebpf-project/ebpf-verifier/ebpf-samples/linux/tcbpf1_kern.o:classifier,unmarshaling error at 1: bad instruction op 0x30,,
/home/hamza/Desktop/ebpf-project/ebpf-verifier/ebpf-samples/linux/tcbpf1_kern.o:redirect_xmit,1,0.000339,4380
/home/hamza/Desktop/ebpf-project/ebpf-verifier/ebpf-samples/linux/tcbpf1_kern.o:redirect_recv,1,0.000297,4352
/home/hamza/Desktop/ebpf-project/ebpf-verifier/ebpf-samples/linux/tcbpf1_kern.o:clone_redirect_xmit,1,0.000367,4464
/home/hamza/Desktop/ebpf-project/ebpf-verifier/ebpf-samples/linux/tcbpf1_kern.o:clone_redirect_recv,1,0.000352,4412
/home/hamza/Desktop/ebpf-project/ebpf-verifier/ebpf-samples/linux/tc_l2_redirect_kern.o:l2_to_iptun_ingress_forward,1,0.026415,6472
/home/hamza/Desktop/ebpf-project/ebpf-verifier/ebpf-samples/linux/tc_l2_redirect_kern.o:l2_to_iptun_ingress_redirect,1,0.025311,6552
/home/hamza/Desktop/ebpf-project/ebpf-verifier/ebpf-samples/linux/tc_l2_redirect_kern.o:l2_to_ip6tun_ingress_redirect,1,0.05199,7716
/home/hamza/Desktop/ebpf-project/ebpf-verifier/ebpf-samples/linux/tc_l2_redirect_kern.o:drop_non_tun_vip,1,0.00419,5396
/home/hamza/Desktop/ebpf-project/ebpf-verifier/ebpf-samples/linux/tcp_basertt_kern.o:sockops,1,0.010402,5608
/home/hamza/Desktop/ebpf-project/ebpf-verifier/ebpf-samples/linux/tcp_bufs_kern.o:sockops,1,0.009774,5612
/home/hamza/Desktop/ebpf-project/ebpf-verifier/ebpf-samples/linux/tcp_clamp_kern.o:sockops,1,0.017959,6256
/home/hamza/Desktop/ebpf-project/ebpf-verifier/ebpf-samples/linux/tcp_cong_kern.o:sockops,1,0.012817,5984
/home/hamza/Desktop/ebpf-project/ebpf-verifier/ebpf-samples/linux/tcp_iw_kern.o:sockops,1,0.01312,5592
/home/hamza/Desktop/ebpf-project/ebpf-verifier/ebpf-samples/linux/tcp_rwnd_kern.o:sockops,1,0.008826,5472
/home/hamza/Desktop/ebpf-project/ebpf-verifier/ebpf-samples/linux/tcp_synrto_kern.o:sockops,1,0.009375,5608
/home/hamza/Desktop/ebpf-project/ebpf-verifier/ebpf-samples/linux/test_cgrp2_tc_kern.o:filter,1,0.01171,5528
/home/hamza/Desktop/ebpf-project/ebpf-verifier/ebpf-samples/linux/test_current_task_under_cgroup_kern.o:kprobe/sys_sync,1,0.002673,4256
/home/hamza/Desktop/ebpf-project/ebpf-verifier/ebpf-samples/linux/test_map_in_map_kern.o:kprobe/sys_connect,0,0.022922,6508
/home/hamza/Desktop/ebpf-project/ebpf-verifier/ebpf-samples/linux/test_overhead_kprobe_kern.o:kprobe/__set_task_comm,1,0.008719,5192
/home/hamza/Desktop/ebpf-project/ebpf-verifier/ebpf-samples/linux/test_overhead_kprobe_kern.o:kprobe/urandom_read,1,0.000144,4392
/home/hamza/Desktop/ebpf-project/ebpf-verifier/ebpf-samples/linux/test_overhead_raw_tp_kern.o:raw_tracepoint/task_rename,1,0.000157,4264
/home/hamza/Desktop/ebpf-project/ebpf-verifier/ebpf-samples/linux/test_overhead_raw_tp_kern.o:raw_tracepoint/urandom_read,1,0.000141,4384
/home/hamza/Desktop/ebpf-project/ebpf-verifier/ebpf-samples/linux/test_overhead_tp_kern.o:tracepoint/task/task_rename,1,0.000156,4396
/home/hamza/Desktop/ebpf-project/ebpf-verifier/ebpf-samples/linux/test_overhead_tp_kern.o:tracepoint/random/urandom_read,1,0.000158,4468
/home/hamza/Desktop/ebpf-project/ebpf-verifier/ebpf-samples/linux/test_probe_write_user_kern.o:kprobe/sys_connect,1,0.005895,5380
/home/hamza/Desktop/ebpf-project/ebpf-verifier/ebpf-samples/linux/trace_event_kern.o:perf_event,1,0.068694,6788
/home/hamza/Desktop/ebpf-project/ebpf-verifier/ebpf-samples/linux/trace_output_kern.o:kprobe/sys_write,1,0.002167,4200
/home/hamza/Desktop/ebpf-project/ebpf-verifier/ebpf-samples/linux/tracex1_kern.o:kprobe/__netif_receive_skb_core,1,0.008112,5212
/home/hamza/Desktop/ebpf-project/ebpf-verifier/ebpf-samples/linux/tracex2_kern.o:kprobe/kfree_skb,1,0.003737,5156
/home/hamza/Desktop/ebpf-project/ebpf-verifier/ebpf-samples/linux/tracex2_kern.o:kprobe/sys_write,1,0.014693,5832
/home/hamza/Desktop/ebpf-project/ebpf-verifier/ebpf-samples/linux/tracex3_kern.o:kprobe/blk_start_request,1,0.0019,4544
/home/hamza/Desktop/ebpf-project/ebpf-verifier/ebpf-samples/linux/tracex3_kern.o:kprobe/blk_account_io_completion,1,0.020898,7040
/home/hamza/Desktop/ebpf-project/ebpf-verifier/ebpf-samples/linux/tracex4_kern.o:kprobe/kmem_cache_free,1,0.001142,4396
/home/hamza/Desktop/ebpf-project/ebpf-verifier/ebpf-samples/linux/tracex4_kern.o:kretprobe/kmem_cache_alloc_node,1,0.004098,5076
/home/hamza/Desktop/ebpf-project/ebpf-verifier/ebpf-samples/linux/tracex5_kern.o:kprobe/__seccomp_filter,1,0.005965,5060
/home/hamza/Desktop/ebpf-project/ebpf-verifier/ebpf-samples/linux/tracex5_kern.o:kprobe/1,1,0.00706,4972
/home/hamza/Desktop/ebpf-project/ebpf-verifier/ebpf-samples/linux/tracex5_kern.o:kprobe/0,1,0.00576,5052
/home/hamza/Desktop/ebpf-project/ebpf-verifier/ebpf-samples/linux/tracex5_kern.o:kprobe/9,1,0.001757,4200
/home/hamza/Desktop/ebpf-project/ebpf-verifier/ebpf-samples/linux/tracex6_kern.o:kprobe/htab_map_get_next_key,1,0.003716,5276
/home/hamza/Desktop/ebpf-project/ebpf-verifier/ebpf-samples/linux/tracex6_kern.o:kprobe/htab_map_lookup_elem,1,0.003335,5172
/home/hamza/Desktop/ebpf-project/ebpf-verifier/ebpf-samples/linux/tracex7_kern.o:kprobe/open_ctree,1,0.000222,4332
/home/hamza/Desktop/ebpf-project/ebpf-verifier/ebpf-samples/linux/xdp1_kern.o:xdp1,1,0.011326,6100
/home/hamza/Desktop/ebpf-project/ebpf-verifier/ebpf-samples/linux/xdp2_kern.o:xdp1,1,0.012444,6416
/home/hamza/Desktop/ebpf-project/ebpf-verifier/ebpf-samples/linux/xdp2skb_meta_kern.o:xdp_mark,1,0.002002,5108
/home/hamza/Desktop/ebpf-project/ebpf-verifier/ebpf-samples/linux/xdp2skb_meta_kern.o:tc_mark,1,0.002406,5284
/home/hamza/Desktop/ebpf-project/ebpf-verifier/ebpf-samples/linux/xdp_adjust_tail_kern.o:xdp_icmp,1,0.009299,5692
/home/hamza/Desktop/ebpf-project/ebpf-verifier/ebpf-samples/linux/xdp_fwd_kern.o:xdp_fwd,1,0.103046,6900
/home/hamza/Desktop/ebpf-project/ebpf-verifier/ebpf-samples/linux/xdp_fwd_kern.o:xdp_fwd_direct,1,0.101305,7032
/home/hamza/Desktop/ebpf-project/ebpf-verifier/ebpf-samples/linux/xdp_monitor_kern.o:tracepoint/xdp/xdp_redirect_err,1,0.00234,5096
/home/hamza/Desktop/ebpf-project/ebpf-verifier/ebpf-samples/linux/xdp_monitor_kern.o:tracepoint/xdp/xdp_redirect_map_err,1,0.002829,5252
/home/hamza/Desktop/ebpf-project/ebpf-verifier/ebpf-samples/linux/xdp_monitor_kern.o:tracepoint/xdp/xdp_redirect,1,0.002331,5212
/home/hamza/Desktop/ebpf-project/ebpf-verifier/ebpf-samples/linux/xdp_monitor_kern.o:tracepoint/xdp/xdp_redirect_map,1,0.002369,5216
/home/hamza/Desktop/ebpf-project/ebpf-verifier/ebpf-samples/linux/xdp_monitor_kern.o:tracepoint/xdp/xdp_exception,1,0.002165,5200
/home/hamza/Desktop/ebpf-project/ebpf-verifier/ebpf-samples/linux/xdp_monitor_kern.o:tracepoint/xdp/xdp_cpumap_enqueue,1,0.003579,5108
/home/hamza/Desktop/ebpf-project/ebpf-verifier/ebpf-samples/linux/xdp_monitor_kern.o:tracepoint/xdp/xdp_cpumap_kthread,1,0.003474,5112
/home/hamza/Desktop/ebpf-project/ebpf-verifier/ebpf-samples/linux/xdp_monitor_kern.o:tracepoint/xdp/xdp_devmap_xmit,1,0.003893,5276
/home/hamza/Desktop/ebpf-project/ebpf-verifier/ebpf-samples/linux/xdp_redirect_cpu_kern.o:xdp_cpu_map0,1,0.004007,5168
/home/hamza/Desktop/ebpf-project/ebpf-verifier/ebpf-samples/linux/xdp_redirect_cpu_kern.o:xdp_cpu_map1_touch_data,1,0.006607,5464
/home/hamza/Desktop/ebpf-project/ebpf-verifier/ebpf-samples/linux/xdp_redirect_cpu_kern.o:xdp_cpu_map2_round_robin,1,0.008202,5788
/home/hamza/Desktop/ebpf-project/ebpf-verifier/ebpf-samples/linux/xdp_redirect_cpu_kern.o:xdp_cpu_map3_proto_separate,1,0.024853,8212
/home/hamza/Desktop/ebpf-project/ebpf-verifier/ebpf-samples/linux/xdp_redirect_cpu_kern.o:xdp_cpu_map4_ddos_filter_pktgen,1,0.03266,9392
/home/hamza/Desktop/ebpf-project/ebpf-verifier/ebpf-samples/linux/xdp_redirect_cpu_kern.o:xdp_cpu_map5_lb_hash_ip_pairs,1,0.026428,7708
/home/hamza/Desktop/ebpf-project/ebpf-verifier/ebpf-samples/linux/xdp_redirect_cpu_kern.o:tracepoint/xdp/xdp_redirect_err,1,0.002112,5184
/home/hamza/Desktop/ebpf-project/ebpf-verifier/ebpf-samples/linux/xdp_redirect_cpu_kern.o:tracepoint/xdp/xdp_redirect_map_err,1,0.001949,4476
/home/hamza/Desktop/ebpf-project/ebpf-verifier/ebpf-samples/linux/xdp_redirect_cpu_kern.o:tracepoint/xdp/xdp_exception,1,0.001941,4344
/home/hamza/Desktop/ebpf-project/ebpf-verifier/ebpf-samples/linux/xdp_redirect_cpu_kern.o:tracepoint/xdp/xdp_cpumap_enqueue,1,0.003312,5188
/home/hamza/Desktop/ebpf-project/ebpf-verifier/ebpf-samples/linux/xdp_redirect_cpu_kern.o:tracepoint/xdp/xdp_cpumap_kthread,1,0.002684,5192
/home/hamza/Desktop/ebpf-project/ebpf-verifier/ebpf-samples/linux/xdp_redirect_kern.o:xdp_redirect,1,0.005913,5412
/home/hamza/Desktop/ebpf-project/ebpf-verifier/ebpf-samples/linux/xdp_redirect_kern.o:xdp_redirect_dummy,1,0.0002,4484
/home/hamza/Desktop/ebpf-project/ebpf-verifier/ebpf-samples/linux/xdp_redirect_map_kern.o:xdp_redirect_map,1,0.004673,5164
/home/hamza/Desktop/ebpf-project/ebpf-verifier/ebpf-samples/linux/xdp_redirect_map_kern.o:xdp_redirect_dummy,1,0.000174,4464
/home/hamza/Desktop/ebpf-project/ebpf-verifier/ebpf-samples/linux/xdp_router_ipv4_kern.o:xdp_router_ipv4,1,0.027389,6980
/home/hamza/Desktop/ebpf-project/ebpf-verifier/ebpf-samples/linux/xdp_rxq_info_kern.o:xdp_prog0,1,0.017417,6580
/home/hamza/Desktop/ebpf-project/ebpf-verifier/ebpf-samples/linux/xdp_sample_pkts_kern.o:xdp_sample,1,0.01018,5288
/home/hamza/Desktop/ebpf-project/ebpf-verifier/ebpf-samples/linux/xdpsock_kern.o:xdp_sock,1,0.003408,5148
/home/hamza/Desktop/ebpf-project/ebpf-verifier/ebpf-samples/linux/xdp_tx_iptunnel_kern.o:xdp_tx_iptunnel,1,0.054509,8832
/home/hamza/Desktop/ebpf-project/ebpf-verifier/ebpf-samples/new_linux/sockex1_kern.o:socket1,unmarshaling error at 1: bad instruction op 0x30,,
/home/hamza/Desktop/ebpf-project/ebpf-verifier/ebpf-samples/new_linux/sockex2_kern.o:socket2,unmarshaling error at 2: bad instruction op 0x28,,
/home/hamza/Desktop/ebpf-project/ebpf-verifier/ebpf-samples/new_linux/sockex3_kern.o:socket/3,unmarshaling error at 13: bad instruction op 0x48,,
/home/hamza/Desktop/ebpf-project/ebpf-verifier/ebpf-samples/new_linux/sockex3_kern.o:socket/4,unmarshaling error at 13: bad instruction op 0x50,,
/home/hamza/Desktop/ebpf-project/ebpf-verifier/ebpf-samples/new_linux/sockex3_kern.o:socket/1,unmarshaling error at 4: bad instruction op 0x48,,
/home/hamza/Desktop/ebpf-project/ebpf-verifier/ebpf-samples/new_linux/sockex3_kern.o:socket/2,unmarshaling error at 2: bad instruction op 0x40,,
/home/hamza/Desktop/ebpf-project/ebpf-verifier/ebpf-samples/new_linux/sockex3_kern.o:socket/0,unmarshaling error at 1: bad instruction op 0x28,,
/home/hamza/Desktop/ebpf-project/ebpf-verifier/ebpf-samples/new_linux/sock_flags_kern.o:cgroup/sock1,1,0.019546,5844
/home/hamza/Desktop/ebpf-project/ebpf-verifier/ebpf-samples/new_linux/sock_flags_kern.o:cgroup/sock2,1,0.009569,5568
/home/hamza/Desktop/ebpf-project/ebpf-verifier/ebpf-samples/new_linux/trace_output_kern.o:kprobe/__x64_sys_write,1,0.001982,4244
/home/hamza/Desktop/ebpf-project/ebpf-verifier/ebpf-samples/new_linux/tracex1_kern.o:kprobe/__netif_receive_skb_core,1,0.008871,4776
/home/hamza/Desktop/ebpf-project/ebpf-verifier/ebpf-samples/new_linux/tracex2_kern.o:kprobe/kfree_skb,1,0.004225,5284
/home/hamza/Desktop/ebpf-project/ebpf-verifier/ebpf-samples/new_linux/tracex2_kern.o:kprobe/__x64_sys_write,1,0.011312,6424
/home/hamza/Desktop/ebpf-project/ebpf-verifier/ebpf-samples/new_linux/tracex3_kern.o:kprobe/blk_mq_start_request,1,0.001793,5236
/home/hamza/Desktop/ebpf-project/ebpf-verifier/ebpf-samples/new_linux/tracex3_kern.o:kprobe/blk_account_io_done,1,0.015777,6784
/home/hamza/Desktop/ebpf-project/ebpf-verifier/ebpf-samples/new_linux/tracex4_kern.o:kprobe/kmem_cache_free,1,0.00108,4264
/home/hamza/Desktop/ebpf-project/ebpf-verifier/ebpf-samples/new_linux/tracex4_kern.o:kretprobe/kmem_cache_alloc_node,1,0.004528,5200
/home/hamza/Desktop/ebpf-project/ebpf-verifier/ebpf-samples/new_linux/tracex6_kern.o:kprobe/htab_map_get_next_key,1,0.00375,5140
/home/hamza/Desktop/ebpf-project/ebpf-verifier/ebpf-samples/new_linux/tracex6_kern.o:kprobe/htab_map_lookup_elem,1,0.003488,5356
/home/hamza/Desktop/ebpf-project/ebpf-verifier/ebpf-samples/new_linux/tracex7_kern.o:kprobe/open_ctree,1,0.000254,4352
/home/hamza/Desktop/ebpf-project/ebpf-verifier/ebpf-samples/ovs/datapath.o:tail-32,unmarshaling error at 284: bad instruction op 0x50,,
/home/hamza/Desktop/ebpf-project/ebpf-verifier/ebpf-samples/ovs/datapath.o:tail-33,1,1.08765,14064
/home/hamza/Desktop/ebpf-project/ebpf-verifier/ebpf-samples/ovs/datapath.o:tail-0,1,0.005507,5056
/home/hamza/Desktop/ebpf-project/ebpf-verifier/ebpf-samples/ovs/datapath.o:tail-1,1,0.390128,7100
/home/hamza/Desktop/ebpf-project/ebpf-verifier/ebpf-samples/ovs/datapath.o:tail-3,unmarshaling error at 364: bad instruction op 0x30,,
/home/hamza/Desktop/ebpf-project/ebpf-verifier/ebpf-samples/ovs/datapath.o:tail-4,1,0.361496,7028
/home/hamza/Desktop/ebpf-project/ebpf-verifier/ebpf-samples/ovs/datapath.o:tail-5,1,0.314748,6884
/home/hamza/Desktop/ebpf-project/ebpf-verifier/ebpf-samples/ovs/datapath.o:tail-7,1,0.236259,6568
/home/hamza/Desktop/ebpf-project/ebpf-verifier/ebpf-samples/ovs/datapath.o:tail-8,1,0.499019,7780
/home/hamza/Desktop/ebpf-project/ebpf-verifier/ebpf-samples/ovs/datapath.o:tail-11,1,0.317653,7668
/home/hamza/Desktop/ebpf-project/ebpf-verifier/ebpf-samples/ovs/datapath.o:tail-13,1,0.386495,7068
/home/hamza/Desktop/ebpf-project/ebpf-verifier/ebpf-samples/ovs/datapath.o:tail-12,1,0.000186,4228
/home/hamza/Desktop/ebpf-project/ebpf-verifier/ebpf-samples/ovs/datapath.o:tail-2,1,1.54549,9612
/home/hamza/Desktop/ebpf-project/ebpf-verifier/ebpf-samples/ovs/datapath.o:xdp,1,0.00283,4172
/home/hamza/Desktop/ebpf-project/ebpf-verifier/ebpf-samples/ovs/datapath.o:af_xdp,1,0.00018,4444
/home/hamza/Desktop/ebpf-project/ebpf-verifier/ebpf-samples/ovs/datapath.o:tail-35,1,0.336209,7860
/home/hamza/Desktop/ebpf-project/ebpf-verifier/ebpf-samples/ovs/datapath.o:ingress,1,0.009473,5104
/home/hamza/Desktop/ebpf-project/ebpf-verifier/ebpf-samples/ovs/datapath.o:egress,1,0.011207,5116
/home/hamza/Desktop/ebpf-project/ebpf-verifier/ebpf-samples/ovs/datapath.o:downcall,1,0.026605,5724
/home/hamza/Desktop/ebpf-project/ebpf-verifier/ebpf-samples/prototype-kernel/napi_monitor_kern.o:tracepoint/napi/napi_poll,1,0.006689,5600
/home/hamza/Desktop/ebpf-project/ebpf-verifier/ebpf-samples/prototype-kernel/napi_monitor_kern.o:tracepoint/irq/softirq_entry,1,0.002355,5256
/home/hamza/Desktop/ebpf-project/ebpf-verifier/ebpf-samples/prototype-kernel/napi_monitor_kern.o:tracepoint/irq/softirq_exit,1,0.002202,5064
/home/hamza/Desktop/ebpf-project/ebpf-verifier/ebpf-samples/prototype-kernel/napi_monitor_kern.o:tracepoint/irq/softirq_raise,1,0.00244,5208
/home/hamza/Desktop/ebpf-project/ebpf-verifier/ebpf-samples/prototype-kernel/tc_bench01_redirect_kern.o:ingress_redirect,1,0.005448,5676
/home/hamza/Desktop/ebpf-project/ebpf-verifier/ebpf-samples/prototype-kernel/xdp_bench01_mem_access_cost_kern.o:xdp_bench01,1,0.011109,6016
/home/hamza/Desktop/ebpf-project/ebpf-verifier/ebpf-samples/prototype-kernel/xdp_bench02_drop_pattern_kern.o:xdp_bench02,1,0.027048,7812
/home/hamza/Desktop/ebpf-project/ebpf-verifier/ebpf-samples/prototype-kernel/xdp_ddos01_blacklist_kern.o:.text,0,0.004927,5492
/home/hamza/Desktop/ebpf-project/ebpf-verifier/ebpf-samples/prototype-kernel/xdp_ddos01_blacklist_kern.o:xdp_prog,1,0.025388,8012
/home/hamza/Desktop/ebpf-project/ebpf-verifier/ebpf-samples/prototype-kernel/xdp_monitor_kern.o:tracepoint/xdp/xdp_redirect_err,1,0.002863,4968
/home/hamza/Desktop/ebpf-project/ebpf-verifier/ebpf-samples/prototype-kernel/xdp_monitor_kern.o:tracepoint/xdp/xdp_redirect_map_err,1,0.002287,5252
/home/hamza/Desktop/ebpf-project/ebpf-verifier/ebpf-samples/prototype-kernel/xdp_monitor_kern.o:tracepoint/xdp/xdp_redirect,1,0.002269,5088
/home/hamza/Desktop/ebpf-project/ebpf-verifier/ebpf-samples/prototype-kernel/xdp_monitor_kern.o:tracepoint/xdp/xdp_redirect_map,1,0.002327,5092
/home/hamza/Desktop/ebpf-project/ebpf-verifier/ebpf-samples/prototype-kernel/xdp_redirect_cpu_kern.o:xdp_cpu_map0,1,0.004186,5164
/home/hamza/Desktop/ebpf-project/ebpf-verifier/ebpf-samples/prototype-kernel/xdp_redirect_cpu_kern.o:xdp_cpu_map1_touch_data,1,0.00599,5480
/home/hamza/Desktop/ebpf-project/ebpf-verifier/ebpf-samples/prototype-kernel/xdp_redirect_cpu_kern.o:xdp_cpu_map2_round_robin,1,0.008416,5424
/home/hamza/Desktop/ebpf-project/ebpf-verifier/ebpf-samples/prototype-kernel/xdp_redirect_cpu_kern.o:xdp_cpu_map3_proto_separate,1,0.021926,7432
/home/hamza/Desktop/ebpf-project/ebpf-verifier/ebpf-samples/prototype-kernel/xdp_redirect_cpu_kern.o:xdp_cpu_map4_ddos_filter_pktgen,1,0.028031,8640
/home/hamza/Desktop/ebpf-project/ebpf-verifier/ebpf-samples/prototype-kernel/xdp_redirect_cpu_kern.o:xdp_cpu_map5_ip_l3_flow_hash,1,0.026126,7024
/home/hamza/Desktop/ebpf-project/ebpf-verifier/ebpf-samples/prototype-kernel/xdp_redirect_cpu_kern.o:tracepoint/xdp/xdp_redirect_err,1,0.002079,5064
/home/hamza/Desktop/ebpf-project/ebpf-verifier/ebpf-samples/prototype-kernel/xdp_redirect_cpu_kern.o:tracepoint/xdp/xdp_redirect_map_err,1,0.001947,5228
/home/hamza/Desktop/ebpf-project/ebpf-verifier/ebpf-samples/prototype-kernel/xdp_redirect_cpu_kern.o:tracepoint/xdp/xdp_exception,1,0.001898,4444
/home/hamza/Desktop/ebpf-project/ebpf-verifier/ebpf-samples/prototype-kernel/xdp_redirect_cpu_kern.o:tracepoint/xdp/xdp_cpumap_enqueue,1,0.003469,5212
/home/hamza/Desktop/ebpf-project/ebpf-verifier/ebpf-samples/prototype-kernel/xdp_redirect_cpu_kern.o:tracepoint/xdp/xdp_cpumap_kthread,1,0.003313,5268
/home/hamza/Desktop/ebpf-project/ebpf-verifier/ebpf-samples/prototype-kernel/xdp_redirect_err_kern.o:xdp_redirect_map,1,0.003182,5184
/home/hamza/Desktop/ebpf-project/ebpf-verifier/ebpf-samples/prototype-kernel/xdp_redirect_err_kern.o:xdp_redirect_dummy,1,0.000169,4328
/home/hamza/Desktop/ebpf-project/ebpf-verifier/ebpf-samples/prototype-kernel/xdp_redirect_err_kern.o:xdp_redirect_map_rr,1,0.003788,5196
/home/hamza/Desktop/ebpf-project/ebpf-verifier/ebpf-samples/prototype-kernel/xdp_tcpdump_kern.o:xdp_tcpdump_to_perf_ring,1,0.003088,5032
/home/hamza/Desktop/ebpf-project/ebpf-verifier/ebpf-samples/prototype-kernel/xdp_ttl_kern.o:xdp_ttl,1,0.007213,5612
/home/hamza/Desktop/ebpf-project/ebpf-verifier/ebpf-samples/prototype-kernel/xdp_vlan01_kern.o:xdp_drop_vlan_4011,1,0.003109,5156
/home/hamza/Desktop/ebpf-project/ebpf-verifier/ebpf-samples/prototype-kernel/xdp_vlan01_kern.o:xdp_vlan_change,1,0.003084,5192
/home/hamza/Desktop/ebpf-project/ebpf-verifier/ebpf-samples/prototype-kernel/xdp_vlan01_kern.o:xdp_vlan_remove_outer,1,0.00323,5088
/home/hamza/Desktop/ebpf-project/ebpf-verifier/ebpf-samples/prototype-kernel/xdp_vlan01_kern.o:xdp_vlan_remove_outer2,1,0.002603,5112
/home/hamza/Desktop/ebpf-project/ebpf-verifier/ebpf-samples/prototype-kernel/xdp_vlan01_kern.o:tc_vlan_push,1,0.000293,4420
/home/hamza/Desktop/ebpf-project/ebpf-verifier/ebpf-samples/suricata/bypass_filter.o:filter,unmarshaling error at 11: bad instruction op 0x50,,
/home/hamza/Desktop/ebpf-project/ebpf-verifier/ebpf-samples/suricata/filter.o:filter,1,0.000551,4452
/home/hamza/Desktop/ebpf-project/ebpf-verifier/ebpf-samples/suricata/lb.o:loadbalancer,unmarshaling error at 9: bad instruction op 0x40,,
/home/hamza/Desktop/ebpf-project/ebpf-verifier/ebpf-samples/suricata/vlan_filter.o:filter,1,0.000809,4324
/home/hamza/Desktop/ebpf-project/ebpf-verifier/ebpf-samples/suricata/xdp_filter.o:xdp,1,0.083334,10076
